[{"fname":"Ahmed","lname":"Mohammed","username":"subAdmin41","min":46,"hour":2,"period":"PM","password":"subAdmin@41","address":"31 Z. moaz St.","email":"subAdmin41@gmail.com","age":"25","empflag":"False","rondomcode":5000,"attendcount":20,"latecount":2,"absentcount":2,"excuse":1},{"fname":"Heelan","lname":"Ahmed","username":"Heelan41","min":47,"hour":3,"period":"PM","password":"He@41","address":"11 Z. morad St.","email":"HeelanAh41@gmail.com","age":"22","empflag":"False","rondomcode":73,"attendcount":21,"latecount":3,"absentcount":3,"excuse":2},{"fname":"Huda","lname":"Ahmed","username":"Huda41","min":48,"hour":4,"period":"PM","password":"Hu@41","address":"41 M. fahmy St.","email":"HudaAhm41@gmail.com","age":"23","empflag":"False","rondomcode":511,"attendcount":22,"latecount":4,"absentcount":4,"excuse":3},{"fname":"Eman","lname":"Metwalli","username":"Eman83","min":51,"hour":11,"period":"PM","password":"Em@83","address":"22 Z. Saad St.","email":"Emanmetwalli011@gmail.com","age":"23","empflag":"False","rondomcode":544,"attendcount":0,"latecount":0,"absentcount":1,"excuse":0}]